{"cameraMode":{"drawMode":0,"name":"Shaded","section":"Shading Mode"},"sceneLighting":true,"audioPlay":false,"sceneViewState":{"m_AlwaysRefresh":false,"showFog":true,"showSkybox":true,"showFlares":true,"showImageEffects":true,"showParticleSystems":true,"showVisualEffectGraphs":true,"m_FxEnabled":true},"in2DMode":false,"pivot":{"x":-4.1519341468811039,"y":0.9999999403953552,"z":-4.903549671173096},"rotation":{"x":-0.13210375607013703,"y":0.7860429883003235,"z":-0.18016241490840913,"w":-0.5763702988624573},"size":0.8660253882408142,"orthographic":false}